aw_deep_link,product_name,aw_product_id,merchant_product_id,merchant_image_url,description,merchant_category,search_price,merchant_name,merchant_id,category_name,category_id,aw_image_url,currency,store_price,delivery_cost,merchant_deep_link,language,last_updated,display_price,data_feed_id,brand_name,in_stock,alternate_image,alternate_image_two,alternate_image_four,large_image,alternate_image_three,category
https://www.awin1.com/pclick.php?p=36048696645&a=2771700&m=49101,Coconut Oil Baby Lotion,36048696645,39508829667500,https://cdn.shopify.com/s/files/1/0539/6086/8012/products/CoconutLotion_New_Benefits.png?v=1685371838,"Care for delicate baby skin with Kokoso Coconut Oil Baby Lotion (190ml) - our award-winning baby moisturiser carefully formulated with nourishing natural ingredients.. This advanced yet gentle formula is designed to leave skin feeling soft, smooth and comfortably cared for. It's perfect for everyday use on dry, sensitive or delicate baby skin.. Why parents love it:. 99% naturally derived formula. Helps provide lasting hydration for baby skin. Supports the skin’s natural protective barrier. Helps reduce moisture loss. Leaves skin feeling soft, smooth and nourished. Lightweight and non-greasy. Suitable for babies and children. Designed for delicate skin. Dermatologically tested. Paediatrician approved. Suitable for newborns and upwards. Suitable for sensitive and eczema-prone skin. Award-winning baby lotion. Winner – Best Baby Lotion, Beauty Shortlist Baby Awards. Named Best Buy by The Independent in 'Top 10 Organic Baby Products You’ll Want to Steal For Yourself'. Carefully chosen natural ingredients. Raw Virgin Organic Coconut Oil – helps moisturise and condition baby skin. Sweet Almond Oil – helps soften and care for delicate skin. Plant-Derived Sugars – a moisturising complex that helps maintain skin hydration. Gentle fragrance options. Fragrance-Free – ideal for younger babies. Natural Coconut – lightly scented with a 100% natural fragrance, developed exclusively in Switzerland and formulated without the 26 EU-listed fragrance allergens. Kind to skin and planet. Vegan-friendly and cruelty-free. Bottles made from 100% Prevented Ocean Plastic™. Fully recyclable bottles and pumps. For every lotion purchased, we help rescue 1.7 bottles of ocean-bound pollution",,10.99,Kokoso Baby,49101,,,https://images2.productserve.com/?w=200&h=200&bg=white&trim=5&t=letterbox&url=ssl%3Acdn.shopify.com%2Fs%2Ffiles%2F1%2F0539%2F6086%2F8012%2Fproducts%2FCoconutLotion_New_Benefits.png%3Fv%3D1685371838&feedId=86739&k=d28cd3be6663b684edaaad6f4b5366f47c239d52,GBP,,3.2,https://kokoso.co.uk/products/coconut-oil-baby-lotion?variant=39508829667500&om=14369,,,£10.99,86739,Kokoso,1,,,,,,Baby Moisturiser
https://www.awin1.com/pclick.php?p=36048696646&a=2771700&m=49101,Coconut Oil Baby Lotion,36048696646,39508829700268,https://cdn.shopify.com/s/files/1/0539/6086/8012/products/FragranceFreefornewbornskin.png?v=1685371835,"Care for delicate baby skin with Kokoso Coconut Oil Baby Lotion (190ml) - our award-winning baby moisturiser carefully formulated with nourishing natural ingredients.. This advanced yet gentle formula is designed to leave skin feeling soft, smooth and comfortably cared for. It's perfect for everyday use on dry, sensitive or delicate baby skin.. Why parents love it:. 99% naturally derived formula. Helps provide lasting hydration for baby skin. Supports the skin’s natural protective barrier. Helps reduce moisture loss. Leaves skin feeling soft, smooth and nourished. Lightweight and non-greasy. Suitable for babies and children. Designed for delicate skin. Dermatologically tested. Paediatrician approved. Suitable for newborns and upwards. Suitable for sensitive and eczema-prone skin. Award-winning baby lotion. Winner – Best Baby Lotion, Beauty Shortlist Baby Awards. Named Best Buy by The Independent in 'Top 10 Organic Baby Products You’ll Want to Steal For Yourself'. Carefully chosen natural ingredients. Raw Virgin Organic Coconut Oil – helps moisturise and condition baby skin. Sweet Almond Oil – helps soften and care for delicate skin. Plant-Derived Sugars – a moisturising complex that helps maintain skin hydration. Gentle fragrance options. Fragrance-Free – ideal for younger babies. Natural Coconut – lightly scented with a 100% natural fragrance, developed exclusively in Switzerland and formulated without the 26 EU-listed fragrance allergens. Kind to skin and planet. Vegan-friendly and cruelty-free. Bottles made from 100% Prevented Ocean Plastic™. Fully recyclable bottles and pumps. For every lotion purchased, we help rescue 1.7 bottles of ocean-bound pollution",,10.99,Kokoso Baby,49101,,,https://images2.productserve.com/?w=200&h=200&bg=white&trim=5&t=letterbox&url=ssl%3Acdn.shopify.com%2Fs%2Ffiles%2F1%2F0539%2F6086%2F8012%2Fproducts%2FFragranceFreefornewbornskin.png%3Fv%3D1685371835&feedId=86739&k=c6460f4ecd942ba1ae164b755e04afb4b058c9dc,GBP,,3.2,https://kokoso.co.uk/products/coconut-oil-baby-lotion?variant=39508829700268&om=14369,,,£10.99,86739,Kokoso,1,,,,,,Baby Moisturiser
https://www.awin1.com/pclick.php?p=36048696647&a=2771700&m=49101,Kokoso Baby® Coconut Oil,36048696647,39508849787052,https://cdn.shopify.com/s/files/1/0539/6086/8012/products/Oil9.png?v=1750149524,"Looking for a gentle, effective baby oil alternative? Kokoso Baby Organic Coconut Oil is a multi-purpose essential for baby skincare routines, designed to help keep delicate skin soft, nourished and beautifully cared for.. Made from premium, raw, cold-pressed organic coconut oil for babies, it’s rich in naturally nourishing fatty acids to protect, moisturise and soften delicate skin.. Perfect for everyday use, from baby massage to nappy care, this is 100% natural baby skincare you can trust for the whole family.. Award-Winning Skincare Loved by Parents. Made for Mums – Everyday Parenting Essential. Winner – Best Baby & Child Skincare Product, First Time Mums Awards. Winner – Editor’s Choice, Beauty Shortlist Mama & Baby Awards. Named a Mumsnet Best product. Why Parents Choose Kokoso Baby Coconut Oil. 100% raw, virgin, cold-pressed organic coconut oil. Suitable from newborn onwards. Ideal for dry, sensitive and delicate baby skin. Suitable for skin prone to eczema. Suitable for dry or flaky scalp, including cradle cap-prone skin. Ultra lightweight, fast-absorbing & non-greasy. USDA Organic Certified by Bioagricert. Naturally antibacterial, antimicrobial & anti-inflammatory. Dermatologically tested & paediatrician approved. Vegan-friendly, cruelty-free & ethically produced. BPA-free, recyclable packaging. Each 168g jar contains the natural goodness of 3 coconuts for pure, gentle hydration.. How to Use in Your Baby’s Daily Routine. After bath as a baby moisturiser for dry skin. For a calming baby massage before bedtime. Apply at every nappy change as a natural nappy balm. Massage into scalp as part of a routine for dry, flaky or cradle cap-prone skin. Use daily as a natural baby oil alternative for sensitive skin. 100% Pure - Nothing Added. No parabens. No mineral oil. No artificial fragrance. No alcohol. No synthetic additives. Just premium quality, pure organic coconut oil - nothing else.. Sustainable Baby Skincare. For every pot purchased, the equivalent of 2.45 bottles of ocean-bound pollution is rescued, supporting more sustainable choices for your family.. Important Information. Coconut oil naturally melts in warm temperatures. This does not affect its quality - simply allow it to cool and it will return to its solid state while retaining its moisturising properties.. Store in the fridge during hot weather if preferred. Always open upright.. FAQ: What's the difference between our coconut oil and balm stick?",,7.99,Kokoso Baby,49101,,,https://images2.productserve.com/?w=200&h=200&bg=white&trim=5&t=letterbox&url=ssl%3Acdn.shopify.com%2Fs%2Ffiles%2F1%2F0539%2F6086%2F8012%2Fproducts%2FOil9.png%3Fv%3D1750149524&feedId=86739&k=662c9232e1527fbc61be82dd23447608a9549cad,GBP,,3.2,https://kokoso.co.uk/products/kokoso-baby-coconut-oil?variant=39508849787052&om=14369,,,£7.99,86739,Kokoso,1,,,,,,Baby Moisturiser
https://www.awin1.com/pclick.php?p=36048696648&a=2771700&m=49101,Kokoso Baby® Coconut Oil,36048696648,39508849819820,https://cdn.shopify.com/s/files/1/0539/6086/8012/products/70gtravelsize.png?v=1750149512,"Looking for a gentle, effective baby oil alternative? Kokoso Baby Organic Coconut Oil is a multi-purpose essential for baby skincare routines, designed to help keep delicate skin soft, nourished and beautifully cared for.. Made from premium, raw, cold-pressed organic coconut oil for babies, it’s rich in naturally nourishing fatty acids to protect, moisturise and soften delicate skin.. Perfect for everyday use, from baby massage to nappy care, this is 100% natural baby skincare you can trust for the whole family.. Award-Winning Skincare Loved by Parents. Made for Mums – Everyday Parenting Essential. Winner – Best Baby & Child Skincare Product, First Time Mums Awards. Winner – Editor’s Choice, Beauty Shortlist Mama & Baby Awards. Named a Mumsnet Best product. Why Parents Choose Kokoso Baby Coconut Oil. 100% raw, virgin, cold-pressed organic coconut oil. Suitable from newborn onwards. Ideal for dry, sensitive and delicate baby skin. Suitable for skin prone to eczema. Suitable for dry or flaky scalp, including cradle cap-prone skin. Ultra lightweight, fast-absorbing & non-greasy. USDA Organic Certified by Bioagricert. Naturally antibacterial, antimicrobial & anti-inflammatory. Dermatologically tested & paediatrician approved. Vegan-friendly, cruelty-free & ethically produced. BPA-free, recyclable packaging. Each 168g jar contains the natural goodness of 3 coconuts for pure, gentle hydration.. How to Use in Your Baby’s Daily Routine. After bath as a baby moisturiser for dry skin. For a calming baby massage before bedtime. Apply at every nappy change as a natural nappy balm. Massage into scalp as part of a routine for dry, flaky or cradle cap-prone skin. Use daily as a natural baby oil alternative for sensitive skin. 100% Pure - Nothing Added. No parabens. No mineral oil. No artificial fragrance. No alcohol. No synthetic additives. Just premium quality, pure organic coconut oil - nothing else.. Sustainable Baby Skincare. For every pot purchased, the equivalent of 2.45 bottles of ocean-bound pollution is rescued, supporting more sustainable choices for your family.. Important Information. Coconut oil naturally melts in warm temperatures. This does not affect its quality - simply allow it to cool and it will return to its solid state while retaining its moisturising properties.. Store in the fridge during hot weather if preferred. Always open upright.. FAQ: What's the difference between our coconut oil and balm stick?",,5.49,Kokoso Baby,49101,,,https://images2.productserve.com/?w=200&h=200&bg=white&trim=5&t=letterbox&url=ssl%3Acdn.shopify.com%2Fs%2Ffiles%2F1%2F0539%2F6086%2F8012%2Fproducts%2F70gtravelsize.png%3Fv%3D1750149512&feedId=86739&k=ce4aef67d4dd54f90b45db22341c0d58065520d2,GBP,,3.2,https://kokoso.co.uk/products/kokoso-baby-coconut-oil?variant=39508849819820&om=14369,,,£5.49,86739,Kokoso,1,,,,,,Baby Moisturiser
https://www.awin1.com/pclick.php?p=36048696649&a=2771700&m=49101,Gentle Hair & Body Wash,36048696649,39508839399596,https://cdn.shopify.com/s/files/1/0539/6086/8012/files/Fragwashwithiconsonbath.png?v=1682425308,"Give your baby the gentlest start with our ultra-mild Hair & Body Wash (200ml), specially formulated for delicate, sensitive and eczema-prone skin. This 3-in-1 baby wash cleanses skin, soothes the scalp, and nourishes hair from root to tip - making bathtime simple, safe and stress-free.. Made with moisturising organic coconut oil and calming organic aloe vera, the soft, creamy formula creates gentle, coconut-based bubbles that cleanse without stripping natural moisture. Perfect for babies, children and even adults with sensitive skin.. Our gentle baby wash is also available in eco-friendly 500ml Refills.. Why Parents Love It. Awarded Silver in the Free From Skincare Awards. Named “Best Affordable Baby Shampoo for Irritant-Free Hair & Skin”. Winner of “Best Body Wash” - Made For Mums Awards. Ultra-mild, pH balanced & vegan-friendly. 98% naturally derived formula. Dermatologically tested & paediatrician approved. Suitable for sensitive & eczema-prone skin. Nourishing Natural Ingredients. Our gentle formula is packed with plant-based ingredients to cleanse and hydrate without irritation:. Organic coconut oil - helps moisturise delicate skin. Organic aloe vera - helps soothe and calm skin. Coconut-derived cleansers - create soft, non-drying bubbles. Glycerin - helps retain moisture in the skin. Free from harsh chemicals, making it ideal for daily use on babies and young children.. Eco-Friendly & Sustainable Packaging. Care for your baby and the planet:. Bottles made from 100% Prevented Ocean Plastic™. Fully recyclable packaging. New recyclable pump design. Now available in 500ml eco-friendly refill packs - reuse your 200ml bottle and reduce waste. For every bottle sold, we rescue 2 plastic bottles from ocean-bound pollution. Choose What’s Best For Your Baby. Unfragranced – ideal for younger babies and extra-sensitive skin. Natural Coconut – a 100% natural & allergen-free fragrance. Our scrummy coconut scent, created exclusively in Switzerland, is 100% natural and free from the 26 allergens listed in European Regulations. Making it safe for even the most sensitive skin.. The Perfect Senstive Baby Wash. Whether you’re looking for a gentle baby shampoo, a natural body wash, or a baby bath product for sensitive scalps, this 3-in-1 formula is your go-to everyday solution.",,8.99,Kokoso Baby,49101,,,https://images2.productserve.com/?w=200&h=200&bg=white&trim=5&t=letterbox&url=ssl%3Acdn.shopify.com%2Fs%2Ffiles%2F1%2F0539%2F6086%2F8012%2Ffiles%2FFragwashwithiconsonbath.png%3Fv%3D1682425308&feedId=86739&k=195aa3b2c10142c08962ca74e715bc0bf46fa98f,GBP,,3.2,https://kokoso.co.uk/products/gentle-hair-and-body-wash?variant=39508839399596&om=14369,,,£8.99,86739,Kokoso,1,,,,,,Baby Wash
https://www.awin1.com/pclick.php?p=36048696650&a=2771700&m=49101,Gentle Hair & Body Wash,36048696650,39508839432364,https://cdn.shopify.com/s/files/1/0539/6086/8012/products/UnfragWashbenefitstiktokamazon.png?v=1682425308,"Give your baby the gentlest start with our ultra-mild Hair & Body Wash (200ml), specially formulated for delicate, sensitive and eczema-prone skin. This 3-in-1 baby wash cleanses skin, soothes the scalp, and nourishes hair from root to tip - making bathtime simple, safe and stress-free.. Made with moisturising organic coconut oil and calming organic aloe vera, the soft, creamy formula creates gentle, coconut-based bubbles that cleanse without stripping natural moisture. Perfect for babies, children and even adults with sensitive skin.. Our gentle baby wash is also available in eco-friendly 500ml Refills.. Why Parents Love It. Awarded Silver in the Free From Skincare Awards. Named “Best Affordable Baby Shampoo for Irritant-Free Hair & Skin”. Winner of “Best Body Wash” - Made For Mums Awards. Ultra-mild, pH balanced & vegan-friendly. 98% naturally derived formula. Dermatologically tested & paediatrician approved. Suitable for sensitive & eczema-prone skin. Nourishing Natural Ingredients. Our gentle formula is packed with plant-based ingredients to cleanse and hydrate without irritation:. Organic coconut oil - helps moisturise delicate skin. Organic aloe vera - helps soothe and calm skin. Coconut-derived cleansers - create soft, non-drying bubbles. Glycerin - helps retain moisture in the skin. Free from harsh chemicals, making it ideal for daily use on babies and young children.. Eco-Friendly & Sustainable Packaging. Care for your baby and the planet:. Bottles made from 100% Prevented Ocean Plastic™. Fully recyclable packaging. New recyclable pump design. Now available in 500ml eco-friendly refill packs - reuse your 200ml bottle and reduce waste. For every bottle sold, we rescue 2 plastic bottles from ocean-bound pollution. Choose What’s Best For Your Baby. Unfragranced – ideal for younger babies and extra-sensitive skin. Natural Coconut – a 100% natural & allergen-free fragrance. Our scrummy coconut scent, created exclusively in Switzerland, is 100% natural and free from the 26 allergens listed in European Regulations. Making it safe for even the most sensitive skin.. The Perfect Senstive Baby Wash. Whether you’re looking for a gentle baby shampoo, a natural body wash, or a baby bath product for sensitive scalps, this 3-in-1 formula is your go-to everyday solution.",,8.99,Kokoso Baby,49101,,,https://images2.productserve.com/?w=200&h=200&bg=white&trim=5&t=letterbox&url=ssl%3Acdn.shopify.com%2Fs%2Ffiles%2F1%2F0539%2F6086%2F8012%2Fproducts%2FUnfragWashbenefitstiktokamazon.png%3Fv%3D1682425308&feedId=86739&k=533ae3c683286162d0c8b170f967cfca16238106,GBP,,3.2,https://kokoso.co.uk/products/gentle-hair-and-body-wash?variant=39508839432364&om=14369,,,£8.99,86739,Kokoso,1,,,,,,Baby Wash
https://www.awin1.com/pclick.php?p=36048696651&a=2771700&m=49101,Happy Scalp Cream™,36048696651,39556381212844,https://cdn.shopify.com/s/files/1/0539/6086/8012/products/HappyScalpwithawar.png?v=1646406080,"Our gentle, plant-based Happy Scalp Cream™ is specially formulated to soothe, moisturise and protect your baby’s scalp. Perfect for sensitive and delicate skin, this lightweight cream helps reduce dryness, flakes and excess oil while supporting a healthy scalp environment.. Made with gentle scalp-loving ingredients, it’s an essential addition to your baby scalp care routine, leaving your little one’s head soft, balanced and healthy-looking.. Key Benefits of Happy Scalp Cream™. Deeply moisturises dry baby scalps. Helps reduce flakes and scales. Helps strengthen the skin barrier. Helps reduce the appearance of excess sebum (oil). Promotes a balanced scalp environment. Leaves scalp feeling smooth, calm and hydrated. Natural Ingredients for Sensitive Baby Skin. Formulated with carefully selected, gentle ingredients:. Organic Coconut Oil - helps nourishes and soften dry skin. Organic Aloe Vera - helps soothe irritation and hydrates. Celery Seed Extract - helps purify and rebalance the scalp. Safe, Gentle & Dermatologically Tested. Dermatologically tested and paediatrician approved. Suitable for babies and children. Suitable for sensitive and eczema-prone skin. Fragrance-free and pH balanced. Vegan-friendly formula. Lightweight, Non-Greasy Baby Scalp Cream. This fast-absorbing formula is designed to be lightweight and non-greasy, making it easy to apply as part of your little one's daily scalp care routine.. Sustainable Baby Skincare. For every Happy Scalp Cream purchased, we help rescue 0.5 bottles of ocean-bound plastic pollution - so you can care for your baby and the planet at the same time.. Complete Your Baby Scalp Care Routine. This award-winning scalp cream is also available as part of our Sensitive Scalp Set, including our Natural Baby Hairbrush and Organic Coconut Oil - perfect for keeping little heads happy and flake-free.",,8.99,Kokoso Baby,49101,,,https://images2.productserve.com/?w=200&h=200&bg=white&trim=5&t=letterbox&url=ssl%3Acdn.shopify.com%2Fs%2Ffiles%2F1%2F0539%2F6086%2F8012%2Fproducts%2FHappyScalpwithawar.png%3Fv%3D1646406080&feedId=86739&k=d1936f852dba117d0f8a06375675cf3cc67fca66,GBP,,3.2,https://kokoso.co.uk/products/happy-scalp-cream?variant=39556381212844&om=14369,,,£8.99,86739,Kokoso,1,,,,,,Baby Moisturiser
https://www.awin1.com/pclick.php?p=36048696652&a=2771700&m=49101,Baby-Soft Balm Stick,36048696652,39508770422956,https://cdn.shopify.com/s/files/1/0539/6086/8012/products/129.png?v=1738236306,"Our Baby-Soft Balm Stick (13g) is a must-have for parents looking for a natural, organic skincare solution for babies and the whole family. Designed in a mess-free, easy-to-use stick applicator, this multi-purpose balm delivers instant moisture, protection and soothing relief wherever you need it.. Made with 100% natural and certified organic ingredients, this gentle balm helps to protect delicate skin from harsh weather, while nourishing dryness and calming irritation caused by teething, dribble, colds or wind exposure.. Whether you're at home or on the go, this compact balm stick is the perfect baby skincare essential for your changing bag.. Award-Winning Natural Baby Balm. Proud winner of The Green Parent Best Buy in the Natural Beauty Awards, and named Best Multitasker for Mum’s Handbag by Beauty Shortlist.. Why Parents Love Our Baby Balm Stick. Twist-up applicator for quick, hygienic use. Glides smoothly onto delicate skin. Certified organic by Ecocert. Creates a protective barrier against wind, cold & environmental stressors. Helps protect and soothe dribbly chins and teething irritation. Ideal as a hands-free nappy balm (we recommend using a separate stick). Perfect for dry skin, chapped cheeks, sore lips and runny noses. Handy for minor bumps and bruises on the go. Dermatologically tested & paediatrician approved. Suitable for sensitive and eczema-prone skin. No mess, no fuss application - perfect for busy parents. Helps rescue 0.75 bottles of ocean-bound plastic pollution. Available Variants. Unfragranced Baby Balm Stick – ideal for newborns and very sensitive skin. Organic Lavender Balm Stick – lightly scented for a calming experience. Related Blogs. How To Use Our Baby Balm Stick",,8.99,Kokoso Baby,49101,,,https://images2.productserve.com/?w=200&h=200&bg=white&trim=5&t=letterbox&url=ssl%3Acdn.shopify.com%2Fs%2Ffiles%2F1%2F0539%2F6086%2F8012%2Fproducts%2F129.png%3Fv%3D1738236306&feedId=86739&k=900b1827a9e9ba50bb3d185f24c3b816a503a89a,GBP,,3.2,https://kokoso.co.uk/products/baby-soft-balm-stick?variant=39508770422956&om=14369,,,£8.99,86739,Kokoso,1,,,,,,Baby Moisturiser
https://www.awin1.com/pclick.php?p=36048696653&a=2771700&m=49101,Baby-Soft Balm Stick,36048696653,39508770455724,https://cdn.shopify.com/s/files/1/0539/6086/8012/products/Lavenderbalm.png?v=1738236306,"Our Baby-Soft Balm Stick (13g) is a must-have for parents looking for a natural, organic skincare solution for babies and the whole family. Designed in a mess-free, easy-to-use stick applicator, this multi-purpose balm delivers instant moisture, protection and soothing relief wherever you need it.. Made with 100% natural and certified organic ingredients, this gentle balm helps to protect delicate skin from harsh weather, while nourishing dryness and calming irritation caused by teething, dribble, colds or wind exposure.. Whether you're at home or on the go, this compact balm stick is the perfect baby skincare essential for your changing bag.. Award-Winning Natural Baby Balm. Proud winner of The Green Parent Best Buy in the Natural Beauty Awards, and named Best Multitasker for Mum’s Handbag by Beauty Shortlist.. Why Parents Love Our Baby Balm Stick. Twist-up applicator for quick, hygienic use. Glides smoothly onto delicate skin. Certified organic by Ecocert. Creates a protective barrier against wind, cold & environmental stressors. Helps protect and soothe dribbly chins and teething irritation. Ideal as a hands-free nappy balm (we recommend using a separate stick). Perfect for dry skin, chapped cheeks, sore lips and runny noses. Handy for minor bumps and bruises on the go. Dermatologically tested & paediatrician approved. Suitable for sensitive and eczema-prone skin. No mess, no fuss application - perfect for busy parents. Helps rescue 0.75 bottles of ocean-bound plastic pollution. Available Variants. Unfragranced Baby Balm Stick – ideal for newborns and very sensitive skin. Organic Lavender Balm Stick – lightly scented for a calming experience. Related Blogs. How To Use Our Baby Balm Stick",,8.99,Kokoso Baby,49101,,,https://images2.productserve.com/?w=200&h=200&bg=white&trim=5&t=letterbox&url=ssl%3Acdn.shopify.com%2Fs%2Ffiles%2F1%2F0539%2F6086%2F8012%2Fproducts%2FLavenderbalm.png%3Fv%3D1738236306&feedId=86739&k=c18dfb62a5ebfce212e60f12fe1110fe17928bbf,GBP,,3.2,https://kokoso.co.uk/products/baby-soft-balm-stick?variant=39508770455724&om=14369,,,£8.99,86739,Kokoso,1,,,,,,Baby Moisturiser
https://www.awin1.com/pclick.php?p=36048696654&a=2771700&m=49101,Natural Baby Hairbrush,36048696654,39327052202156,https://cdn.shopify.com/s/files/1/0539/6086/8012/products/Brushwithaward.png?v=1618911199,"Start your little one’s hair care journey with our Natural Baby Hair Brush, thoughtfully designed for babies and toddlers. Made from sustainably sourced beech wood and soft yet firm natural boar bristles, this eco-friendly baby brush is gentle on delicate scalps while supporting healthy hair from day one.. Completely plastic-free, our wooden baby hairbrush also comes with a breathable protective jute bag to keep it clean and dust-free - perfect for everyday use or travel.. What Makes it Special. 100% natural baby hair brush - no plastic, no synthetic materials. Helps smooth and style delicate hair. Encourages a healthy scalp and hair routine from birth. Gentle brushing is ideal as part of a calming bedtime routine. A thoughtful baby gift. Available in our Sensitive Scalp Set and Kokoso Baby Collection. Why Use a Boar Bristle Baby Hairbrush?. Our traditional boar bristle hairbrush is designed with firmer, thicker bristles to gently groom delicate baby hair and softly massage the scalp. It can help to:. Evenly distribute natural oils from the scalp through the hair. Keep delicate hair looking smooth, neat and healthy-looking. Support a gentle daily hair care routine for babies and little ones. The result? Beautifully groomed, healthy-looking hair and a soothing brushing experience for your little one.",,7.99,Kokoso Baby,49101,,,https://images2.productserve.com/?w=200&h=200&bg=white&trim=5&t=letterbox&url=ssl%3Acdn.shopify.com%2Fs%2Ffiles%2F1%2F0539%2F6086%2F8012%2Fproducts%2FBrushwithaward.png%3Fv%3D1618911199&feedId=86739&k=11b1e4397152588b38796851c8f1d4ce4acbfd9b,GBP,,3.2,https://kokoso.co.uk/products/natural-baby-hairbrush?variant=39327052202156&om=14369,,,£7.99,86739,Kokoso,1,,,,,,Baby Brush
https://www.awin1.com/pclick.php?p=36048696655&a=2771700&m=49101,Organic Baby Soap,36048696655,39555774841004,https://cdn.shopify.com/s/files/1/0539/6086/8012/products/organic-baby-soap.jpg?v=1669031439,"Lovingly and sustainably made with just three gentle ingredients, our Organic Baby Soap Bar (100g) blends organic coconut oil, olive oil and shea butter to create a mild, fragrance-free baby soap for delicate skin.. Carefully formulated for babies and children, this dermatologically tested cleansing bar is ideal for sensitive skin and gentle enough for the whole family to use every day.. Made with 100% organically derived ingredients, it’s a simple, thoughtful choice for families looking to make more sustainable skincare swaps.. What Makes it Special. 100% organic and natural baby soap bar. Fragrance-free formula. Dermatologically tested and paediatrician approved. Suitable from newborn onwards. Suitable for sensitive and eczema-prone skin. Box made with sustainably sourced card - please recycle",,8.49,Kokoso Baby,49101,,,https://images2.productserve.com/?w=200&h=200&bg=white&trim=5&t=letterbox&url=ssl%3Acdn.shopify.com%2Fs%2Ffiles%2F1%2F0539%2F6086%2F8012%2Fproducts%2Forganic-baby-soap.jpg%3Fv%3D1669031439&feedId=86739&k=1e4fe0ec7536841df8bedb8f9afc425f1c871483,GBP,,3.2,https://kokoso.co.uk/products/organic-baby-soap?variant=39555774841004&om=14369,,,£8.49,86739,Kokoso,1,,,,,,Baby Wash
https://www.awin1.com/pclick.php?p=36048696657&a=2771700&m=49101,Sensitive Scalp Set,36048696657,39327052431532,https://cdn.shopify.com/s/files/1/0539/6086/8012/files/SensitiveScalpSet2.png?v=1683018346,"Save 7% when you buy our Sensitive Scalp Set, specially created to keep your baby’s delicate scalp soothed, balanced and healthy-looking.. A baby’s scalp is one of the most sensitive areas of their skin, yet it’s often overlooked until dryness, flaking or irritation appears. Our carefully curated set provides three essential products for gentle baby scalp care, helping to prevent discomfort before it starts.. What's Inside. Kokoso Baby® Organic Coconut Oil (70g). Happy Scalp Cream™ (50ml). Natural Baby Hairbrush with boar bristles and jute dust pouch. What Makes it Special. Caring natural ingredients. Dermatologically tested and paediatrician approved. Suitable for babies and children. Suitable for sensitive and eczema-prone skin. Gift box made from recyclable cardboard. Rescues 1.55 bottles of ocean bound plastic pollution. Why Use a Boar Bristle Baby Hairbrush?. Our boar bristle hairbrush is specially designed with firmer, thicker bristles that gently massage your baby’s scalp. This helps to:. Stimulate circulation and support healthy hair growth. Evenly distribute natural oils (sebum) from the scalp along the hair shaft. Improve hair strength, shine and overall scalp balance. The result? Stronger, healthier-looking hair and a calm, well-balanced scalp - naturally.",,19.99,Kokoso Baby,49101,,,https://images2.productserve.com/?w=200&h=200&bg=white&trim=5&t=letterbox&url=ssl%3Acdn.shopify.com%2Fs%2Ffiles%2F1%2F0539%2F6086%2F8012%2Ffiles%2FSensitiveScalpSet2.png%3Fv%3D1683018346&feedId=86739&k=bc7106c471b1fe7f875e153df775bbf14e11bcd2,GBP,,3.2,https://kokoso.co.uk/products/sensitive-scalp-set?variant=39327052431532&om=14369,,,£19.99,86739,Kokoso,1,,,,,,Baby Brush
https://www.awin1.com/pclick.php?p=36048696658&a=2771700&m=49101,Newborn Essentials Kit,36048696658,39327052464300,https://cdn.shopify.com/s/files/1/0539/6086/8012/files/Newnewborn.png?v=1730995020,"Save 9% when you buy our Newborn Essentials Kit, featuring three award-winning natural baby skincare products made for delicate newborn skin.. Our best-selling newborn baby gift set has been thoughtfully redesigned in an eco-friendly, windowless gift box. Inside, you’ll find a curated trio of our purest, fragrance-free formulas to gently cleanse and nourish sensitive skin.. With absolutely no hidden nasties, this natural baby bath set makes a perfect gift for newborns, expectant parents, baby showers, or a special treat for your own little one.. What's inside. Kokoso Baby Organic Coconut Oil – 70g. Gentle Hair & Body Wash – Unfragranced 200ml. 100% Natural Konjac Baby Bath Sponge. Save 9% over buying individually. Eco-friendly & sustainable. We’re committed to protecting your baby’s future as well as their skin:. Recyclable cardboard gift packaging (no plastic windows). Bottle made from Prevented Ocean Plastic™ and fully recyclable. 100% biodegradable Konjac sponge. Rescues 3.1 bottles of ocean bound plastic pollution. What makes it special. Dermatologically tested and paediatrician approved. Gentle, caring products suitable for newborns and up. Suitable for sensitive and eczema-prone skin. Vegan-friendly and cruelty-free. Sustainable packaging. Gift note. Sending this item to someone special? Go to the basket after you've added it to cart, and you'll be able to add a personal note there.",,19.99,Kokoso Baby,49101,,,https://images2.productserve.com/?w=200&h=200&bg=white&trim=5&t=letterbox&url=ssl%3Acdn.shopify.com%2Fs%2Ffiles%2F1%2F0539%2F6086%2F8012%2Ffiles%2FNewnewborn.png%3Fv%3D1730995020&feedId=86739&k=81fc99acdf867699ad7bae21391020a2f934a690,GBP,,3.2,https://kokoso.co.uk/products/newborn-essentials-kit?variant=39327052464300&om=14369,,,£19.99,86739,Kokoso,1,,,,,,Baby Wash
https://www.awin1.com/pclick.php?p=36048696660&a=2771700&m=49101,Kokoso Baby Collection,36048696660,39550873862316,https://cdn.shopify.com/s/files/1/0539/6086/8012/files/BestGiftsIndyBest.png?v=1763129720,"Save 15% and enjoy free delivery when you buy our award-winning Kokoso Baby Collection.. The perfect present for when only the best will do, this delightful skincare set features six of our award-winning products made with the finest natural and organic ingredients. Beautifully presented in a luxury re-usable gift box (colour may vary), this extra special set makes the perfect baby gift or starter pack.. Choose between our Fragrance-Free or Softly Scented ranges.. Includes:. Kokoso Baby® Organic Coconut Oil (70g). Coconut Oil Baby Lotion (190ml). Gentle Hair & Body Wash (200ml). Baby-Soft Balm Stick (13g). Natural Baby Bath Sponge. Natural Baby Brush. All products are suitable from birth and dermatologically tested for sensitive and eczema-prone skin. We recommend our fragrance-free set for younger babies.. For every Collection purchased we'll rescue 4.8 bottles of plastic pollution from the ocean.. ""A carefully curated and beautifully packaged gift set, featuring some of [Kokoso's] most popular creations.""  - Indy Best, Best Pampering Baby Gift. “Exceptional quality; any parent would love to receive this.” – Indy Best, Best Gifts for Newborns to 1-Year-Olds No One Else Will Have Thought Of",,44.99,Kokoso Baby,49101,,,https://images2.productserve.com/?w=200&h=200&bg=white&trim=5&t=letterbox&url=ssl%3Acdn.shopify.com%2Fs%2Ffiles%2F1%2F0539%2F6086%2F8012%2Ffiles%2FBestGiftsIndyBest.png%3Fv%3D1763129720&feedId=86739&k=1879e7738571bd95fc9583363caa998e6aeb5a70,GBP,,3.2,https://kokoso.co.uk/products/kokoso-baby-collection?variant=39550873862316&om=14369,,,£44.99,86739,Kokoso,1,,,,,,Baby Wash
https://www.awin1.com/pclick.php?p=36048696661&a=2771700&m=49101,Kokoso Baby Collection,36048696661,39550873895084,https://cdn.shopify.com/s/files/1/0539/6086/8012/products/KokosoBabyCollection2.png?v=1763129720,"Save 15% and enjoy free delivery when you buy our award-winning Kokoso Baby Collection.. The perfect present for when only the best will do, this delightful skincare set features six of our award-winning products made with the finest natural and organic ingredients. Beautifully presented in a luxury re-usable gift box (colour may vary), this extra special set makes the perfect baby gift or starter pack.. Choose between our Fragrance-Free or Softly Scented ranges.. Includes:. Kokoso Baby® Organic Coconut Oil (70g). Coconut Oil Baby Lotion (190ml). Gentle Hair & Body Wash (200ml). Baby-Soft Balm Stick (13g). Natural Baby Bath Sponge. Natural Baby Brush. All products are suitable from birth and dermatologically tested for sensitive and eczema-prone skin. We recommend our fragrance-free set for younger babies.. For every Collection purchased we'll rescue 4.8 bottles of plastic pollution from the ocean.. ""A carefully curated and beautifully packaged gift set, featuring some of [Kokoso's] most popular creations.""  - Indy Best, Best Pampering Baby Gift. “Exceptional quality; any parent would love to receive this.” – Indy Best, Best Gifts for Newborns to 1-Year-Olds No One Else Will Have Thought Of",,44.99,Kokoso Baby,49101,,,https://images2.productserve.com/?w=200&h=200&bg=white&trim=5&t=letterbox&url=ssl%3Acdn.shopify.com%2Fs%2Ffiles%2F1%2F0539%2F6086%2F8012%2Fproducts%2FKokosoBabyCollection2.png%3Fv%3D1763129720&feedId=86739&k=346691ca47f9d9acdc824d412500acedf92e0f18,GBP,,3.2,https://kokoso.co.uk/products/kokoso-baby-collection?variant=39550873895084&om=14369,,,£44.99,86739,Kokoso,1,,,,,,Baby Wash
https://www.awin1.com/pclick.php?p=36048696667&a=2771700&m=49101,Organic Cotton Baby Towel With Hood,36048696667,43052746309888,https://cdn.shopify.com/s/files/1/0539/6086/8012/products/Hoodedtoweltopdown.png?v=1659451108,"Dry and protect your little one’s delicate skin with our fabulously fluffy hooded baby towel. Made to be kind to skin and kind to the environment, our eco-friendly low-twist organic cotton is super soft and ultra-absorbent – perfect for those post-bathtime cuddles.. Size: 75cm x 75cm. Features:. 100% premium organic cotton. Low-twist, eco-friendly yarn. Made without harsh chemicals. Soft and cosy. Cute unisex design. Pure white with light grey edging. Embroidered with our lilac logo. Perfect for newborns but roomy enough for toddlers too. Makes a gorgeous baby gift. Minimal packaging - recyclable cardboard wrap and compostable bag. What is low-twist cotton?. Low-twist cotton creates more air and space between fibres, resulting in a super soft and absorbent towel. It has the advantage of a short production process, high production efficiency and no additional environmental pollution during the production process. Of course, it's 100% organic too!",,14.99,Kokoso Baby,49101,,,https://images2.productserve.com/?w=200&h=200&bg=white&trim=5&t=letterbox&url=ssl%3Acdn.shopify.com%2Fs%2Ffiles%2F1%2F0539%2F6086%2F8012%2Fproducts%2FHoodedtoweltopdown.png%3Fv%3D1659451108&feedId=86739&k=c67d615164d730be77afd448a71565e0c76d3a36,GBP,,3.2,https://kokoso.co.uk/products/organic-cotton-baby-towel?variant=43052746309888&om=14369,,,£14.99,86739,Kokoso,1,,,,,,Baby Towels
https://www.awin1.com/pclick.php?p=36048696668&a=2771700&m=49101,Baby Bath Brush,36048696668,43260899655936,https://cdn.shopify.com/s/files/1/0539/6086/8012/files/Bath_Brush_Nov_24.png?v=1731602798,"This super soft Baby Bath Brush is made from high quality environmentally-friendly silicone to gently massage baby's scalp and brush away flakes and scales as you wash their hair.. Features:. Ideal for shampooing hair and cleansing the scalp. Made from food-grade, eco-friendly silicone. BPA-Free, antibacterial, hypoallergenic. Certified AnchorCert Pro compliant, meaning our bath brush is officially kind to skin and won't flare up any allergies. Fits securely in your hand. Helps to cleanse baby's hair and scalp. Gently removes flakes and scales. Feels soft and soothing on baby's scalp. Stimulates blood circulation. Easy to keep clean. Suitable for any age from birth upwards",,7.49,Kokoso Baby,49101,,,https://images2.productserve.com/?w=200&h=200&bg=white&trim=5&t=letterbox&url=ssl%3Acdn.shopify.com%2Fs%2Ffiles%2F1%2F0539%2F6086%2F8012%2Ffiles%2FBath_Brush_Nov_24.png%3Fv%3D1731602798&feedId=86739&k=2edc933073bd1c78b51503f2b4350f5a359e002b,GBP,,3.2,https://kokoso.co.uk/products/baby-bath-brush?variant=43260899655936&om=14369,,,£7.49,86739,Kokoso,1,,,,,,Baby Brush
https://www.awin1.com/pclick.php?p=39584196087&a=2771700&m=49101,Gentle Hair & Body Wash Refill,39584196087,54828953043318,https://cdn.shopify.com/s/files/1/0539/6086/8012/files/1_d8d79009-6663-418d-a93a-37fd6c8f56ef.png?v=1696243249,"Economical and sustainable, our Gentle Hair & Body Wash Refill Pack (500ml) is an eco-friendly solution for your baby’s bathtime routine. Specially formulated to gently cleanse delicate skin and hair, this ultra-mild 3-in-1 baby wash is enriched with nature’s finest plant-based ingredients.. The soft, creamy formula works as a baby shampoo, body wash and scalp cleanser in one, making bathtime simple, soothing and effective. Designed for everyday use, it’s ideal for sensitive and eczema-prone skin.. Not only are the pouch and cap fully recyclable, it keeps your recycled & recyclable  200ml wash bottle even more sustainable through continued use, contributing to less energy usage and waste.. Gentle, effective, and consciously made.. Refill. Reuse. Reduce.. A smarter way to care for your baby - and their future.. Uses 80% less plastic than our standard bottles. Refills 2.5 bottles (200ml). 100% recyclable pouch and cap, thoughtfully designed with an anti-choke safety cap. Bottle made from 100% Prevented Ocean Plastic™. We rescue 1 ocean-bound plastic bottle per pouch sold. A small change in your routine, with a meaningful impact over time.. A gentler way to cleanse. Formulated with 80% organic and 98% naturally derived ingredients, this delicate wash supports your baby’s skin barrier to cleanse without dryness.. Ultra-mild and pH balanced. Dermatologically tested and paediatrician approved. Suitable for babies and children. Suitable for sensitive and eczema-prone skin. Vegan-friendly formula. Allergen-free 100% natural fragrance. Available in a Fragrance-Free option. A true everyday essential for calm, comfortable skin from the very first bath.. Naturally comforting, however you choose. Our signature coconut scent is 100% natural and free from EU-listed allergens - gentle enough for delicate skin.. Prefer no fragrance?. Choose our fragrance-free option for the simplest, most minimal routine.",,17.99,Kokoso Baby,49101,,,https://images2.productserve.com/?w=200&h=200&bg=white&trim=5&t=letterbox&url=ssl%3Acdn.shopify.com%2Fs%2Ffiles%2F1%2F0539%2F6086%2F8012%2Ffiles%2F1_d8d79009-6663-418d-a93a-37fd6c8f56ef.png%3Fv%3D1696243249&feedId=86739&k=0826df60ff889f57f3c4eade4238500a139572d8,GBP,,3.2,https://kokoso.co.uk/products/gentle-hair-body-wash-refill-pouch?variant=54828953043318&om=14369,,,£17.99,86739,Kokoso,1,,,,,,Baby Wash
https://www.awin1.com/pclick.php?p=39584196088&a=2771700&m=49101,Gentle Hair & Body Wash Refill,39584196088,54828953076086,https://cdn.shopify.com/s/files/1/0539/6086/8012/files/UnfragrancedKokosobabywashrefill.png?v=1732703955,"Economical and sustainable, our Gentle Hair & Body Wash Refill Pack (500ml) is an eco-friendly solution for your baby’s bathtime routine. Specially formulated to gently cleanse delicate skin and hair, this ultra-mild 3-in-1 baby wash is enriched with nature’s finest plant-based ingredients.. The soft, creamy formula works as a baby shampoo, body wash and scalp cleanser in one, making bathtime simple, soothing and effective. Designed for everyday use, it’s ideal for sensitive and eczema-prone skin.. Not only are the pouch and cap fully recyclable, it keeps your recycled & recyclable  200ml wash bottle even more sustainable through continued use, contributing to less energy usage and waste.. Gentle, effective, and consciously made.. Refill. Reuse. Reduce.. A smarter way to care for your baby - and their future.. Uses 80% less plastic than our standard bottles. Refills 2.5 bottles (200ml). 100% recyclable pouch and cap, thoughtfully designed with an anti-choke safety cap. Bottle made from 100% Prevented Ocean Plastic™. We rescue 1 ocean-bound plastic bottle per pouch sold. A small change in your routine, with a meaningful impact over time.. A gentler way to cleanse. Formulated with 80% organic and 98% naturally derived ingredients, this delicate wash supports your baby’s skin barrier to cleanse without dryness.. Ultra-mild and pH balanced. Dermatologically tested and paediatrician approved. Suitable for babies and children. Suitable for sensitive and eczema-prone skin. Vegan-friendly formula. Allergen-free 100% natural fragrance. Available in a Fragrance-Free option. A true everyday essential for calm, comfortable skin from the very first bath.. Naturally comforting, however you choose. Our signature coconut scent is 100% natural and free from EU-listed allergens - gentle enough for delicate skin.. Prefer no fragrance?. Choose our fragrance-free option for the simplest, most minimal routine.",,17.99,Kokoso Baby,49101,,,https://images2.productserve.com/?w=200&h=200&bg=white&trim=5&t=letterbox&url=ssl%3Acdn.shopify.com%2Fs%2Ffiles%2F1%2F0539%2F6086%2F8012%2Ffiles%2FUnfragrancedKokosobabywashrefill.png%3Fv%3D1732703955&feedId=86739&k=1dd793e1f1a82cdb16c87f2337bacc03510cebc5,GBP,,3.2,https://kokoso.co.uk/products/gentle-hair-body-wash-refill-pouch?variant=54828953076086&om=14369,,,£17.99,86739,Kokoso,1,,,,,,Baby Wash
https://www.awin1.com/pclick.php?p=39883309749&a=2771700&m=49101,Happy Nappy Cream,39883309749,53531140489590,https://cdn.shopify.com/s/files/1/0539/6086/8012/files/Kokoso_Nappy_Cream.png?v=1734640096,"Protect and comfort your baby’s delicate skin at every nappy change with our Happy Nappy Cream (50ml). This paediatrician-approved, fragrance-free baby nappy cream is specially formulated using natural and organic ingredients to care for delicate, sensitive and eczema-prone baby skin.. Made with a nourishing blend of raw virgin organic coconut oil, plant-based squalane, and non-nano zinc oxide, this gentle formula helps to calm irritation while creating a protective barrier against moisture.. Why choose Kokoso Nappy Cream?. Our carefully selected ingredients work together to hydrate, soothe and protect your baby’s skin:. Organic coconut oil – natural anti-inflammatory properties. Plant-based squalane – supports skin barrier function. Pro-vitamin B5 – helps soothe and moisturise the skin. Non-nano zinc oxide – helps protect delicate skin from irritants. Designed for real parenting. We know nappy changes can be a challenge, so we’ve created a hygienic, one-handed press-down pump that makes application quick and mess-free. This thoughtful packaging also helps prevent contamination, making it perfect for busy parents and wriggly babies.. As one happy parent shared:""I'm obsessed with the design. Best nappy cream packaging we've seen!"". Trusted, gentle and effective. Paediatrician approved. Dermatologically tested. Suitable for newborns and up. Suitable for sensitive and eczema-prone skin. 99% naturally derived ingredients. Fragrance-free and kind to delicate skin. Award-winning natural skincare. Proud Bronze Winner in the Free From Skincare Awards, recognising products made without common irritants, allergens or synthetic fragrances - perfect for your baby's sensitive skin.",,9.99,Kokoso Baby,49101,,,https://images2.productserve.com/?w=200&h=200&bg=white&trim=5&t=letterbox&url=ssl%3Acdn.shopify.com%2Fs%2Ffiles%2F1%2F0539%2F6086%2F8012%2Ffiles%2FKokoso_Nappy_Cream.png%3Fv%3D1734640096&feedId=86739&k=c08ba8b89a06e37a5fc6e7595909224a43824939,GBP,,3.2,https://kokoso.co.uk/products/happy-nappy-cream?variant=53531140489590&om=14369,,,£9.99,86739,Kokoso,1,,,,,,Nappy Cream